first_name,last_name
Anne,Turner
Elizabeth,Terry
Chloe,Kelly
Blake,Sharp
Abigail,Newman
Felicity,Howard
Lillian,Wilkins
Felicity,Wilkins
Diana,North
Joanne,Murray
Stewart,Smith
Maria,Burgess
Leonard,Ferguson
Molly,Campbell
Leonard,Greene
Sam,Mitchell
Alison,Anderson
Alan,Peake
Emma,Davidson
Michelle,Short
Evan,Forsyth
Victor,Wilkins
Faith,Langdon
Abigail,MacDonald
Carol,Nolan
Oliver,Hill
Benjamin,Ball
Hannah,Berry
Eric,Cameron
Yvonne,Buckland
Audrey,Skinner
Steven,MacDonald
Boris,Coleman
Peter,Peake
Anthony,Abraham
Bella,Dyer
Deirdre,Cameron
Mary,James
Bernadette,Marshall
Keith,James
Leonard,Tucker
Brian,Dyer
Natalie,Baker
Adam,Jones
Oliver,Taylor
Jan,Terry
Alexander,Slater
Joan,McGrath
Anna,Carr
Carolyn,Hardacre